id,name,salary,departmentId
1,Daniel,76565,7
2,David,46535,4
3,Jane,99323,4
4,Alice,50719,3
5,Sarah,69213,3
6,Michael,67873,6
7,Robert,50182,2
8,Michael,47817,7
9,Emily,47274,2
10,Michael,83461,6
11,John,82648,3
12,Robert,40094,7
13,Sarah,53040,10
14,Jane,99760,9
15,Robert,47253,4
16,Emily,60309,8
17,Sarah,66640,10
18,John,62176,5
19,Alice,57131,4
20,Daniel,59919,7
21,James,63707,4
22,Emily,68359,8
23,Sarah,74107,4
24,Daniel,66937,10
25,Michael,84251,7
26,Michael,42994,10
27,James,79427,6
28,David,67216,4
29,Daniel,55402,6
30,James,55492,5
31,John,78677,10
32,Alice,41385,6
33,Robert,90942,6
34,Jane,74956,9
35,Emily,93759,6
36,John,86812,2
37,Robert,41746,9
38,Alice,53238,3
39,Emily,79682,10
40,John,66425,4
41,David,77307,7
42,Michael,61408,8
43,Sarah,61252,3
44,Michael,74977,8
45,Daniel,53570,9
46,John,93884,1
47,Sarah,45292,1
48,John,49598,2
49,Robert,50242,9
50,Daniel,55880,5
51,James,50480,1
52,Michael,64041,5
53,Robert,79222,6
54,Sarah,52623,6
55,Daniel,73842,2
56,Michael,89058,3
57,Michael,51379,4
58,Jane,74395,6
59,Daniel,82389,2
60,James,71478,6
61,Jane,96861,9
62,Jane,90705,7
63,Michael,99393,8
64,Alice,60574,6
65,Alice,45738,10
66,David,48883,8
67,Alice,98615,4
68,Daniel,66490,5
69,Alice,53800,4
70,Emily,81685,6
71,Sarah,54503,5
72,Alice,71566,8
73,Robert,90019,9
74,Jane,99963,9
75,Daniel,81886,6
76,Alice,49076,5
77,Daniel,72009,3
78,Daniel,69522,8
79,James,80938,7
80,Michael,99055,3
81,Alice,79213,8
82,Jane,55698,3
83,Emily,64779,9
84,John,94868,2
85,John,67117,7
86,Robert,53326,7
87,Daniel,97645,4
88,Sarah,97143,1
89,Michael,98026,10
90,Robert,72081,6
91,David,54149,8
92,Daniel,86683,10
93,Jane,80669,5
94,Robert,49623,2
95,John,57312,4
96,Jane,44923,10
97,Michael,56685,7
98,Sarah,49227,7
99,Jane,95845,3
100,James,71065,7
101,Sarah,70600,1
102,Jane,42519,2
103,Emily,79469,4
104,John,63740,4
105,John,81175,7
106,Robert,55034,9
107,Emily,96700,3
108,Michael,76162,3
109,James,51510,8
110,David,76149,8
111,Jane,56998,7
112,Jane,76000,1
113,David,73175,6
114,Emily,56131,5
115,Daniel,90257,10
116,Michael,87858,6
117,James,65372,7
118,Michael,41427,8
119,Michael,59225,9
120,David,92451,9
121,Emily,99843,7
122,Robert,66069,10
123,Daniel,87995,1
124,David,48780,6
125,James,50146,10
126,James,84887,8
127,James,51295,10
128,Jane,51980,1
129,John,47757,9
130,David,74646,6
131,Daniel,44044,10
132,John,45893,7
133,Jane,53279,6
134,David,45750,3
135,Daniel,71035,1
136,Jane,87367,3
137,Michael,64996,9
138,David,62578,9
139,Sarah,62053,3
140,Daniel,88701,9
141,Jane,88672,5
142,Emily,66335,5
143,Robert,88905,8
144,Sarah,68889,5
145,Daniel,76168,6
146,Michael,48629,6
147,Alice,60237,2
148,David,48342,2
149,Daniel,53790,10
150,Robert,74710,5
151,Michael,51925,9
152,Emily,46605,6
153,Sarah,81235,7
154,Michael,47793,9
155,Alice,49755,3
156,Daniel,81428,8
157,James,56021,6
158,Daniel,93110,3
159,Sarah,70964,1
160,John,94817,7
161,Robert,92251,6
162,James,41339,6
163,Michael,84328,10
164,Alice,71953,7
165,Robert,49015,5
166,Jane,47695,10
167,Robert,76615,9
168,Emily,83296,8
169,John,56128,10
170,John,69029,6
171,Emily,65764,3
172,David,64881,6
173,Jane,72611,10
174,Jane,57072,4
175,David,44702,6
176,Emily,43447,10
177,Daniel,52973,10
178,Daniel,77122,4
179,Michael,51492,9
180,John,82653,5
181,Emily,65798,4
182,Michael,88043,6
183,Alice,68566,6
184,Daniel,44465,4
185,Daniel,70336,6
186,Robert,70269,7
187,Michael,65085,4
188,Robert,40424,9
189,Robert,45251,3
190,Daniel,57430,4
191,Michael,94207,5
192,John,93328,5
193,James,97104,9
194,John,98767,4
195,Robert,91403,8
196,Michael,94788,9
197,Daniel,59289,4
198,Michael,53769,10
199,Daniel,80210,9
200,Sarah,42169,5
201,Daniel,49493,6
202,Daniel,43440,7
203,Emily,61617,5
204,John,59406,10
205,John,79069,5
206,Alice,79933,10
207,Alice,61243,3
208,Daniel,87598,2
209,James,54150,10
210,Sarah,75347,4
211,Sarah,96084,6
212,Daniel,54938,7
213,David,73458,1
214,David,65880,4
215,Robert,55747,2
216,Jane,69142,9
217,Michael,84411,2
218,James,83701,2
219,Michael,85592,9
220,Alice,93988,6
221,Daniel,85224,6
222,James,53636,8
223,James,53306,3
224,Emily,44075,9
225,Alice,95734,1
226,Emily,67985,7
227,John,70506,6
228,Alice,60601,1
229,David,93526,10
230,Emily,50584,1
231,Alice,78459,1
232,Jane,50823,1
233,Emily,72448,8
234,Jane,53105,8
235,Michael,79479,6
236,Alice,43031,2
237,Jane,46983,10
238,Michael,48217,3
239,Robert,95084,10
240,Robert,58661,5
241,Michael,49370,8
242,Emily,87631,4
243,Emily,72837,5
244,David,48776,6
245,David,41376,2
246,Daniel,82899,6
247,Robert,88633,3
248,David,42864,8
249,Sarah,62941,3
250,Alice,52108,1
251,Jane,95181,6
252,Alice,56999,7
253,James,76953,1
254,Daniel,54067,5
255,Sarah,87481,8
256,James,72956,8
257,Michael,64228,3
258,David,62228,4
259,David,81023,1
260,Jane,47388,8
261,Sarah,88227,2
262,Robert,57407,10
263,Alice,53147,7
264,David,77633,2
265,Jane,83967,7
266,John,83570,2
267,John,56065,7
268,Jane,54382,5
269,Emily,44101,10
270,Sarah,75463,2
271,David,80274,3
272,John,50185,3
273,Robert,95031,10
274,John,76151,4
275,John,43507,4
276,Michael,43959,5
277,Emily,77554,3
278,David,55742,1
279,Michael,62438,5
280,Alice,60805,3
281,David,52998,5
282,David,91261,3
283,Alice,55784,1
284,Alice,54193,4
285,James,42878,9
286,Daniel,81234,2
287,Alice,65623,7
288,Emily,47523,3
289,David,46972,9
290,Sarah,74048,4
291,Emily,43723,1
292,Robert,46528,3
293,Emily,79323,3
294,Robert,98135,6
295,Michael,91901,8
296,Jane,83428,4
297,Alice,71125,7
298,Jane,63174,10
299,Michael,83144,7
300,Robert,86849,6
