tweet_id,content
1,SxaZcrrWnAqM
2,waTtwQ7Jk3BUT
3,WUWZolJkK0JV
4,VSYiOCSPUHeM
5,v8qx7h
6,L4lnkb4mQh3snm
7,IwQ9dnN
8,aGnl1wb5
9,xTXMI7Bvq
10,SasGDvb5ZAdNcL
11,4b92X
12,S1Koo
13,O1sF12SQAUpWUzi
14,EX1FLnZH8fonJ
15,v8XWmWWqX
16,VpXjAtixDmmB
17,bKkeq
18,D5KxJ
19,gsNddqLrj1BL
20,86CdmjZrYHsDXtD
21,O9w5MV6Q
22,8fpIRo4K9SH5j
23,FHh5YIZ7fYT
24,9V3V6XkHDK5dsTMxi1
25,PpqjmwPHwjVr
26,HU85LWUZCrodSRvaL
27,W4XKCrjWzmEGU35eM8oZ
28,426AzwP9V
29,5XMyamOQyqYqfmom5
30,XLQBX3cknm
31,qmzmzbC2QIX
32,XJjHVSVj5FgGt37
33,cGRhdwPjKGhEcEIFvX
34,qDZZQ4MHUzkltAm
35,d94et4cE
36,OY9PbvmWJSIwW8Wx4P
37,RQhpxDv
38,BSaPP
39,OaojWs2Xv
40,iMGbJXiLf
41,aAlaO1NjVuxZ
42,7eepLJThNY6pX
43,JeQcIptE
44,fsaeU
45,NhlwwqHdmaZQu2
46,8qfByPindpBjrq71
47,yxpYKKiQbUSc
48,deY47y3P
49,GHiA3p
50,gI4jDfvevXlU
51,BiGZxnE22VuPl
52,RIxMmvTbuunOi4yOUiU
53,Gecmi9rIs7yCpbGZoZql
54,HZTJJVBdD
55,b4BSaNZoNJXKa
56,D3pogzixL
57,7xvEDm0cdOn0X
58,Zxt0ack
59,jLffvw5F1Hg
60,Fa6IHGQMFx6Ze
61,eJbfRmyBrCgIYrA
62,nwXKfNTk0
63,uxW8S58Ck70IOfMG4pz
64,g2Hm7kEs4Mdv7pziHr
65,Di24nO8
66,B6Bj3M4ufp8Bo
67,Ro0I6S0HooVW5Ke
68,XiBUIXTE
69,fpzn5dUrKE1bA
70,Y3ia1jsQWzEBnJnnDht8
71,w197zWD5G6SaFxf
72,9J0H5gstQ4EWs2v72qgp
73,8PRCjc1Co98TN
74,y3d7ly8U
75,ffhGIDfmhvUWr
76,xjJbKKVmQRrqgzw5tTq
77,iXuczIcMCqFatZdImyC
78,OtH5Hv2GvoIVjKj
79,NnkCuQ8FZ
80,ohsGQtAmRzs8T
81,EaFPGtO
82,q1oEEK1nl5lSNE
83,JW8dO
84,do0MzwZdKeyRu
85,9Z3Yo
86,CVEoeO6XLvbmLi1Hk
87,eeiCPZ8C9
88,0B671EJFUhDK1sCLMXQn
89,ifH0VWaU5
90,KtkiuAuzrwY6EleST9
91,BwPyWYN7s
92,KWfZQi9XPZwstTkZbs
93,MmrP54MItM2aWnFbMND
94,mJCJPopE
95,kp70S3k6SXkRP
96,wkmdRaZ
97,5v0YMrtthbFoZ8mYK
98,wDTsQ
99,lFqSh3e3tA
100,TbWbgOlcUwI9WgRqIR
101,QdXrJNb0rOLSYbw
102,RwHBGrCQu
103,tyLmuvtT7DBn
104,SYzcBdUS7
105,kiCc4fJ3eU
106,xOaQM29QLvkNTm5oIMHY
107,lyMHX7xWLp5J0Y
108,MzDwoMUliq5AvbwIu9
109,VnwgrwyutFrlokX2H
110,EKSGAgyJgO
111,cXYveOWmA0Ue
112,R90k3X9I5iRV043wei
113,de7Dg
114,9gICl
115,Rkcb90Ln3xxg1Tr
116,W0r2hc
117,S0sXBkUqxd
118,WOHfyj
119,npLyRq
120,fzu4c4TIOpU
121,zJCUJ2C6tIXt
122,pZqeGhKr1SQboIH0
123,osUvjxsYZD8AmKEjpoF
124,9ocBCFqIYzCgrRhK
125,bf1K2Rw8
126,fcyVtUHnVl
127,TxQg9H0WSH7Ym6
128,JncZm
129,bIWtLegUW5ocjpxwRo
130,R4NhpvN
131,a2T0z00sHtI
132,81OlX3oMAlC2hH49XiL
133,4CX5vTIz5m
134,SIB2D2VWnZ
135,AZFOjpMrA14HTeYU
136,2Ezc9AUOj
137,AJpGzB
138,3Poenglhcg7UN
139,X8SH7zK
140,CnQO4bPmi5UrrLxE2bgD
141,gH20JOAQQ
142,oRVkYh0X3Xbya08
143,sCD8i1Tihcmzy1R
144,1k4g0MoOTL1
145,36jrGdXAi4cWdGXKmjH
146,Ux0utcU8yq5ZYOKT
147,sJlUSGVlYnd5sWb
148,8OxoTOuxcmTJJHDiPzsL
149,iHNmCTxXb2sdC
150,2MY7PDH
